last_login_days,last_post,last_story,last_note,last_message,last_profile_searched,last_likes_given,last_comment_given,last_share,post_count,followers_count,following_count,account_status
102,473,72,663,630,146,196,541,188,429,64,29,at-risk
435,125,358,108,289,117,732,755,254,579,9491,1257,at-risk
270,536,222,75,759,381,422,273,67,536,6382,364,at-risk
106,144,415,541,353,411,571,599,615,690,9607,1800,dormant
71,524,552,313,638,663,609,755,335,140,968,904,dormant
700,211,369,116,74,583,170,380,670,742,368,4793,at-risk
20,24,715,703,715,362,381,328,408,299,8424,2178,dormant
614,579,263,18,560,508,172,478,299,674,2242,2850,dormant
121,393,689,431,590,136,662,14,601,310,5002,2836,dormant
466,66,317,684,440,174,452,515,356,470,3083,4446,dormant
214,232,83,739,240,288,349,190,255,392,8073,179,at-risk
330,108,317,349,153,480,633,167,352,641,9112,3873,at-risk
458,145,110,182,785,18,493,520,731,444,8880,3960,dormant
87,110,250,112,95,194,619,620,520,757,1469,1186,at-risk
372,227,382,182,725,329,3,136,523,808,4725,3959,at-risk
99,110,6,480,293,174,92,153,755,171,4259,773,at-risk
663,469,458,145,208,448,5,387,693,575,3622,4605,dormant
130,33,83,627,342,353,287,208,283,30,823,4460,at-risk
661,622,207,112,87,498,617,271,311,46,3431,352,dormant
308,775,389,762,775,140,145,142,98,129,6528,4507,dormant
769,368,313,475,389,757,782,610,196,351,4151,4830,dormant
343,747,21,762,324,92,423,68,481,977,4213,3028,at-risk
491,594,409,302,156,238,607,246,225,844,7420,117,at-risk
413,553,514,117,667,204,456,260,614,621,8989,481,dormant
385,424,126,160,650,559,740,787,617,580,779,4287,dormant
191,612,699,400,632,432,201,78,364,57,2892,2637,dormant
276,517,13,197,576,244,211,657,367,105,5534,106,at-risk
160,691,11,259,618,316,5,622,569,811,3306,4477,at-risk
459,281,86,659,658,294,623,769,589,329,2902,4878,dormant
313,319,523,751,136,639,375,604,74,767,3718,243,dormant
21,737,536,46,673,281,446,524,41,823,21,2632,dormant
252,442,300,398,427,16,105,771,421,682,1500,4563,at-risk
747,314,242,709,451,70,650,620,180,382,9034,865,dormant
560,740,121,558,611,268,400,329,544,984,9952,2981,dormant
474,376,146,77,140,324,95,188,70,161,3641,1561,at-risk
58,288,566,123,82,793,387,94,567,996,5212,603,at-risk
510,436,749,74,176,304,451,616,104,285,191,3062,dormant
681,661,355,136,197,450,415,7,199,70,8587,4018,at-risk
475,276,684,601,623,6,725,66,100,766,7174,2015,dormant
699,709,732,399,567,313,503,495,767,453,5114,1658,dormant
782,581,630,504,690,102,453,190,306,885,4662,3380,dormant
189,502,308,499,420,192,290,365,585,566,4326,3767,dormant
686,623,694,572,400,752,533,767,682,834,9065,3770,dormant
562,515,287,137,697,573,192,520,376,396,4335,1613,dormant
566,349,306,49,470,528,149,116,654,514,8281,4955,at-risk
243,445,593,770,217,170,758,266,677,25,8648,1879,dormant
504,349,722,618,728,536,778,610,398,312,9196,4108,dormant
130,606,661,624,631,250,762,484,772,125,5494,2346,dormant
484,663,548,253,174,764,514,508,220,407,8536,1099,dormant
646,136,351,629,22,386,392,297,594,564,2711,1074,dormant
20,758,311,709,724,206,315,163,181,197,7595,786,dormant
166,242,58,562,234,540,75,375,306,810,6273,148,at-risk
273,542,642,756,12,628,598,652,521,187,6284,1754,dormant
387,39,713,425,100,415,269,267,395,697,9308,2169,at-risk
600,228,754,546,535,793,224,548,3,816,8817,3756,dormant
315,547,34,301,522,379,529,73,280,809,3994,1179,at-risk
13,222,444,580,784,143,112,507,214,715,1678,3309,at-risk
241,5,92,348,451,24,250,72,609,483,8414,2423,at-risk
776,321,206,48,430,667,232,307,419,449,743,4177,dormant
345,467,352,73,792,72,790,198,100,522,462,4587,at-risk
564,731,331,703,605,631,713,129,520,870,1568,924,dormant
339,74,724,260,712,92,82,757,572,353,1736,1603,dormant
91,3,158,355,532,504,124,571,308,985,7903,3052,at-risk
366,645,23,581,722,597,174,790,657,657,7002,4218,dormant
454,117,403,601,651,335,68,614,509,596,8856,4803,dormant
427,605,515,259,292,424,46,486,62,99,1356,2377,at-risk
508,503,731,637,100,498,255,150,632,615,1014,3480,dormant
775,573,363,742,501,363,726,668,225,947,1054,3182,dormant
34,440,381,294,303,629,29,205,104,557,1764,2817,at-risk
205,193,531,640,539,744,280,178,771,555,6009,3160,dormant
80,714,151,791,552,198,236,196,424,277,4458,4805,dormant
561,391,561,312,354,717,247,734,254,692,9604,4889,dormant
387,25,688,611,302,412,367,88,428,698,667,711,dormant
1,434,607,181,495,338,494,798,433,989,3370,2586,dormant
389,172,616,685,657,658,24,433,206,625,5976,2648,dormant
565,299,419,363,767,428,585,787,27,490,1394,1717,dormant
105,644,249,187,226,782,717,747,681,254,8290,4352,dormant
771,325,116,568,235,138,489,182,335,380,4070,870,at-risk
476,409,511,542,454,692,493,208,587,891,6982,3574,dormant
702,117,739,595,12,541,313,492,627,541,8613,4904,dormant
401,786,577,663,209,56,605,129,68,263,5599,270,dormant
729,723,334,547,740,231,374,664,745,609,3650,1543,dormant
555,224,417,724,396,657,638,12,512,824,9324,549,dormant
161,531,773,407,99,434,24,633,166,878,9894,4663,at-risk
201,112,294,617,30,383,333,731,729,328,3620,4014,dormant
269,139,754,413,527,559,354,105,784,114,3190,4454,dormant
270,558,370,341,648,193,115,374,367,275,8789,1712,at-risk
455,0,185,219,328,735,47,581,250,487,391,3240,at-risk
461,89,245,162,165,647,737,706,685,280,1075,1362,dormant
726,653,636,219,458,533,777,697,169,274,2650,4893,dormant
251,319,267,269,99,517,98,98,757,772,2384,1284,at-risk
701,549,642,631,620,715,458,593,89,842,809,886,dormant
295,138,236,399,172,750,522,586,560,718,8047,2258,dormant
724,510,529,181,748,184,596,191,445,895,5501,4382,dormant
719,258,551,617,161,291,404,324,293,327,6895,1785,dormant
748,672,20,728,727,334,213,725,149,210,1159,4838,dormant
337,689,736,204,775,731,684,466,131,726,7574,3543,dormant
52,9,793,581,262,115,502,366,432,922,1531,295,at-risk
791,260,519,555,273,48,720,317,58,551,5481,2053,dormant
216,649,99,227,2,684,447,143,198,991,7548,2597,at-risk
763,171,751,695,27,81,575,383,214,25,4976,680,dormant
187,12,477,618,325,332,257,215,560,26,5695,4890,at-risk
379,167,598,595,148,556,120,360,471,701,8445,4298,dormant
492,641,297,249,539,334,53,323,743,82,3548,324,dormant
40,595,525,440,487,531,330,14,246,895,6163,2291,at-risk
156,320,333,532,437,220,783,216,381,945,6671,4422,dormant
14,318,1,195,64,634,240,491,238,681,5264,986,at-risk
64,612,374,689,355,745,754,546,366,412,1231,3118,dormant
520,328,292,518,532,732,529,182,167,166,2423,760,dormant
343,784,552,69,251,322,482,269,559,699,8071,3693,dormant
128,776,317,638,234,2,186,466,50,168,4261,1036,at-risk
647,549,501,398,226,693,655,611,609,800,9765,906,dormant
471,418,380,671,524,205,261,518,727,978,2908,364,dormant
62,605,622,759,312,39,363,541,688,228,4712,3413,dormant
138,94,13,202,48,58,490,466,379,978,6755,1069,at-risk
498,580,503,147,117,573,430,304,473,608,9817,4369,dormant
592,317,230,471,53,643,238,143,79,366,3883,2255,at-risk
391,235,83,654,649,506,303,110,696,527,3515,3686,dormant
674,333,129,198,564,571,297,231,366,790,3403,4219,dormant
418,375,742,425,43,121,75,690,460,646,4598,3081,dormant
288,458,144,665,52,478,699,583,538,537,5008,3258,dormant
378,136,27,491,585,618,332,721,451,863,6222,2107,dormant
772,587,65,141,557,95,757,731,463,523,4009,2933,dormant
489,546,162,312,524,413,641,591,477,71,2735,2829,dormant
230,512,228,164,676,234,473,499,419,644,4491,441,dormant
40,295,260,313,101,61,282,594,706,105,8593,1559,at-risk
27,319,448,20,791,255,590,553,213,731,974,1741,at-risk
134,571,423,81,769,560,71,272,368,884,223,625,at-risk
200,348,459,580,397,347,262,702,113,964,4613,3863,dormant
779,778,675,130,137,670,702,172,753,688,6777,1690,dormant
32,228,300,598,674,123,574,6,502,281,8427,2781,at-risk
47,269,302,729,386,481,11,154,635,132,4211,90,at-risk
502,797,286,304,110,316,140,521,587,533,225,3006,dormant
406,290,394,370,613,503,765,545,310,974,8183,4302,dormant
573,724,9,383,16,718,554,547,468,268,4277,1088,dormant
727,164,706,444,779,47,16,517,707,411,1341,4611,dormant
98,4,629,424,181,408,62,214,43,672,4036,1180,at-risk
683,378,269,160,535,135,252,133,414,618,8401,1901,at-risk
725,77,591,177,540,200,464,284,697,790,3727,4490,dormant
546,409,604,628,170,249,375,125,245,864,3928,186,dormant
738,573,777,707,408,313,519,438,83,746,2803,1597,dormant
612,131,360,489,739,367,89,685,206,17,9301,3408,dormant
461,600,256,326,377,428,719,151,150,753,6558,3747,dormant
642,748,132,597,187,479,795,330,667,116,393,2670,dormant
768,41,275,288,229,313,629,537,527,797,6839,4825,dormant
4,88,775,592,118,499,174,382,164,793,9035,239,at-risk
217,401,682,663,155,720,75,114,144,143,9716,2580,at-risk
502,295,512,572,783,354,612,481,36,716,8795,4236,dormant
766,294,312,572,686,484,662,283,332,550,581,138,dormant
397,615,575,353,464,210,399,74,402,928,132,2506,dormant
794,525,283,27,103,703,781,165,413,665,2838,4165,dormant
392,799,120,42,603,43,70,188,44,687,3385,4480,at-risk
206,690,106,680,697,540,179,77,401,960,3770,4725,dormant
14,636,686,422,794,570,123,601,205,752,2268,2245,dormant
553,421,203,597,501,582,380,687,61,421,975,4300,dormant
460,22,164,176,692,91,292,20,419,897,7605,1749,at-risk
690,574,304,528,681,264,796,565,467,368,7213,567,dormant
574,142,496,609,698,219,194,183,18,645,9735,4900,at-risk
742,664,631,493,174,441,227,221,364,557,2835,881,dormant
240,144,555,197,733,400,430,327,299,49,2738,639,dormant
563,224,155,609,744,399,435,178,6,677,9549,3961,dormant
95,502,366,576,673,726,786,787,760,105,4134,4420,dormant
733,615,718,516,420,788,460,111,427,215,9508,4537,dormant
484,103,619,513,133,575,617,735,116,657,6833,4899,dormant
406,38,250,21,390,489,20,725,579,922,8353,2335,at-risk
230,197,333,111,735,484,63,58,506,424,1909,4321,at-risk
748,645,641,56,500,756,164,326,545,71,9319,2985,dormant
654,578,510,65,664,469,26,620,705,987,9850,559,dormant
170,390,292,97,32,573,310,668,324,841,1963,713,at-risk
540,178,19,143,54,681,284,190,54,784,5153,4593,at-risk
35,553,281,434,518,444,659,199,777,758,966,3988,dormant
524,447,796,636,755,268,280,311,41,445,889,256,dormant
159,499,0,678,637,266,163,707,296,924,3061,576,dormant
698,14,118,85,11,53,223,34,230,185,6461,37,active
242,622,34,587,527,527,783,378,452,69,6166,2072,dormant
85,668,197,343,719,519,145,386,393,973,6967,4505,dormant
795,288,484,293,554,615,29,757,521,149,9858,460,dormant
577,477,756,570,372,58,44,236,357,245,8101,1440,dormant
681,230,58,649,483,39,786,615,443,773,7379,4478,dormant
556,419,160,610,646,236,470,518,127,537,9633,1832,dormant
573,156,690,703,227,385,33,282,690,934,7280,4664,dormant
645,549,205,242,622,605,652,0,404,651,1067,3399,dormant
795,440,11,560,306,733,426,730,391,98,4223,432,dormant
27,96,489,31,456,715,220,463,192,909,9018,4151,at-risk
619,410,275,390,159,649,533,229,603,277,4607,1751,dormant
555,288,692,276,330,299,691,171,742,562,3985,2047,dormant
339,253,241,531,775,394,366,86,77,662,3179,4997,at-risk
797,195,215,153,224,206,742,552,84,943,4538,2840,at-risk
330,597,250,382,728,335,549,122,29,454,2362,256,dormant
639,521,125,67,503,592,581,297,724,103,2224,671,dormant
505,516,216,213,455,729,115,689,48,945,6371,489,dormant
347,634,305,654,44,513,238,574,776,600,1726,3714,dormant
472,117,796,375,213,177,334,483,144,652,5791,2096,at-risk
230,158,184,743,58,395,440,164,68,724,8073,1682,at-risk
189,227,38,212,643,370,147,698,57,232,8458,4411,at-risk
224,215,222,78,615,790,8,382,696,393,7013,2460,at-risk
384,695,183,725,194,657,287,208,573,500,837,4529,dormant
376,14,494,627,488,317,387,738,478,694,4584,3912,dormant
282,156,426,603,156,735,49,431,444,250,686,1975,at-risk
632,647,177,781,609,368,516,388,295,520,356,3216,dormant
627,260,427,380,225,383,637,559,677,78,9063,1389,dormant
744,156,293,679,411,61,586,223,170,51,4647,4515,dormant
258,46,150,57,204,504,676,2,574,897,4418,3856,at-risk
358,323,383,795,78,238,277,371,146,920,6642,1584,at-risk
709,684,637,25,123,194,299,686,483,780,3391,4939,dormant
455,129,307,446,470,677,588,445,305,225,4357,2963,dormant
410,410,335,65,217,221,648,610,672,50,4879,4529,dormant
648,94,745,759,515,60,617,115,652,185,5319,976,dormant
317,626,374,253,601,128,606,269,608,33,2739,3364,dormant
676,754,7,43,103,684,134,446,445,802,9510,45,dormant
224,291,340,96,392,155,579,367,220,741,9727,1193,at-risk
233,793,128,553,630,377,146,252,554,130,4784,3342,dormant
683,282,775,226,644,621,489,316,377,631,9964,4512,dormant
663,68,668,773,607,780,477,414,619,442,877,4943,dormant
373,659,351,678,433,789,158,94,265,837,2870,246,dormant
671,10,357,435,330,585,383,784,94,758,292,3219,dormant
607,253,516,790,142,436,162,23,261,431,9843,4325,at-risk
471,549,494,600,799,206,440,627,70,703,8728,791,dormant
232,133,85,378,539,387,188,662,218,496,2686,636,at-risk
691,711,174,177,277,479,414,49,532,402,233,3775,dormant
112,22,192,426,232,790,338,501,91,322,2374,2421,at-risk
496,345,310,708,528,339,606,717,126,209,2272,4833,dormant
441,301,118,306,570,339,180,497,79,614,966,1088,at-risk
563,362,217,778,89,203,287,334,237,328,889,4183,at-risk
267,395,426,503,491,160,186,78,371,371,3863,3159,at-risk
509,217,413,267,198,539,137,581,485,459,6154,712,dormant
385,140,113,585,361,391,129,26,693,132,3400,4696,at-risk
386,615,144,7,440,768,193,270,24,834,8226,3644,at-risk
112,209,537,507,25,676,315,561,155,650,4542,3890,at-risk
612,622,647,475,24,574,784,246,516,120,3523,2586,dormant
624,615,302,296,393,533,143,775,631,605,1763,4309,dormant
80,682,743,163,506,69,15,590,788,451,3291,2108,dormant
698,459,587,484,300,404,301,386,529,964,2488,4793,dormant
112,355,344,596,338,607,422,701,709,128,1558,3614,dormant
1,323,0,71,266,674,244,558,56,90,4690,1242,at-risk
641,132,146,566,460,590,106,360,604,603,6121,2059,dormant
219,126,286,558,692,516,87,487,18,574,2276,3486,at-risk
565,105,653,237,455,119,128,351,383,28,4439,4332,at-risk
735,603,52,103,359,689,340,700,192,721,1103,3810,dormant
224,798,303,209,67,687,3,255,236,523,7520,3900,at-risk
384,377,68,553,411,216,326,221,386,332,9611,2605,at-risk
402,50,360,467,490,55,409,752,425,296,5409,4742,dormant
637,28,601,453,48,365,305,780,276,129,9670,3034,dormant
129,461,219,267,686,698,606,0,226,292,7869,4568,dormant
52,295,703,385,563,503,720,545,744,172,2956,4207,dormant
683,296,574,774,101,743,224,445,551,719,7710,4051,dormant
729,725,584,386,215,766,347,78,322,943,6017,3363,dormant
671,778,160,258,437,454,320,235,152,23,9574,4021,dormant
709,406,680,282,699,103,558,333,638,98,3384,1845,dormant
415,768,88,625,568,76,180,348,236,405,9761,382,dormant
246,612,687,39,558,229,617,97,54,355,28,4112,at-risk
438,404,780,485,158,257,710,81,435,138,8897,4588,dormant
202,345,584,219,488,263,385,501,683,502,9212,3810,dormant
183,621,756,128,685,330,617,476,108,825,9638,1896,dormant
122,419,588,519,241,181,791,703,183,173,7756,1509,dormant
400,181,158,612,793,767,771,764,367,28,6948,4212,dormant
766,0,488,687,752,549,107,549,197,930,5755,1578,dormant
293,566,323,618,4,687,530,13,370,495,3602,879,dormant
279,370,609,612,595,26,409,391,372,654,5062,2162,dormant
609,660,380,259,360,275,295,346,496,827,8071,1572,dormant
197,430,101,365,458,651,170,309,598,350,7244,1648,at-risk
510,308,493,757,247,298,330,385,200,553,6372,4739,dormant
751,136,643,786,565,798,492,208,508,298,7105,1359,dormant
143,201,613,543,672,90,194,356,321,719,3581,4431,at-risk
608,435,18,648,421,479,11,600,274,841,2762,2969,dormant
200,312,453,523,737,572,194,567,210,944,572,3960,dormant
123,116,481,15,14,457,489,93,503,191,7705,3811,at-risk
186,665,593,128,735,450,794,92,117,671,614,4242,dormant
325,574,396,574,572,364,181,339,702,63,4050,4217,dormant
463,243,278,108,121,674,655,596,553,754,325,80,dormant
348,536,364,532,276,350,315,444,41,769,3740,2732,at-risk
770,601,330,669,557,654,693,756,314,663,358,2709,dormant
659,74,640,268,452,399,29,21,787,214,3777,2422,dormant
763,385,343,161,389,252,595,290,328,833,5906,3641,dormant
402,209,454,259,293,780,677,484,16,165,1721,4599,dormant
345,474,600,101,573,458,795,783,282,542,1349,667,dormant
510,417,724,505,597,698,792,305,257,882,3696,2496,dormant
146,346,654,734,445,498,95,633,574,231,3896,3499,dormant
147,528,64,570,209,507,380,127,573,793,4260,3498,at-risk
710,639,75,246,589,303,777,624,611,540,9788,1444,dormant
488,762,710,639,713,500,443,272,18,194,9819,1345,dormant
639,178,142,794,301,597,297,441,528,505,6941,1189,dormant
550,181,604,536,222,165,736,502,422,333,3808,458,dormant
337,663,472,130,733,414,360,129,465,767,5246,1212,dormant
640,24,416,352,2,461,373,131,372,792,8384,4559,at-risk
778,179,304,195,517,113,553,596,757,303,3845,911,dormant
472,709,735,792,92,432,302,481,762,832,2577,1025,dormant
150,500,496,665,519,355,420,389,80,436,91,2411,dormant
414,160,290,381,427,694,245,592,550,322,4234,71,dormant
297,176,101,644,492,206,719,324,547,501,8672,2685,dormant
610,284,266,226,234,767,236,68,423,857,6592,1193,at-risk
262,62,621,700,619,234,533,659,428,913,8128,1848,dormant
763,661,776,475,160,441,184,447,387,392,1075,2384,dormant
143,665,2,476,720,354,467,527,708,805,2513,2022,dormant
345,155,84,264,751,514,753,616,669,598,8168,3741,dormant
623,468,793,371,330,207,362,164,203,148,6861,4748,dormant
571,48,327,485,332,708,282,487,195,760,8990,1298,dormant
1,83,449,433,49,124,552,712,727,832,604,4102,at-risk
303,360,453,645,522,137,335,708,284,404,2979,904,dormant
253,688,628,210,667,338,161,425,195,282,7140,3026,dormant
651,147,220,571,491,536,159,696,306,361,7065,2028,dormant
452,629,153,376,581,67,473,264,663,378,4916,4711,dormant
36,341,664,394,680,572,600,611,13,197,6800,2620,dormant
159,475,11,449,271,540,321,341,145,555,597,2646,at-risk
8,62,132,363,579,382,11,725,56,355,9724,4865,at-risk
232,700,303,456,251,18,423,277,722,539,7320,2289,dormant
98,359,292,724,559,682,72,673,779,428,8705,3872,dormant
658,560,299,727,695,449,587,438,209,16,5622,1485,dormant
207,326,739,225,698,73,200,156,528,638,1877,3151,at-risk
130,768,782,130,89,572,521,421,797,378,1699,1440,dormant
403,735,42,587,445,664,504,250,343,679,9221,765,dormant
151,140,342,475,331,275,737,608,714,505,5780,4479,dormant
53,214,325,797,138,47,687,529,610,755,716,2438,dormant
119,434,497,276,356,210,787,326,278,898,4086,4092,at-risk
672,722,363,155,600,650,38,96,208,75,665,4783,dormant
627,317,426,759,273,621,59,512,640,230,7846,1149,dormant
586,31,20,217,18,694,577,215,334,715,6611,3565,at-risk
624,669,406,189,310,539,320,131,287,961,1079,4142,dormant
419,284,618,416,153,708,434,259,251,247,8419,1972,dormant
421,304,335,674,389,190,635,124,264,301,8340,2666,dormant
103,428,116,691,259,314,675,81,270,725,1069,463,at-risk
253,476,123,545,619,562,407,282,699,214,5263,4218,dormant
226,285,398,40,796,660,385,682,418,157,7951,2181,dormant
111,143,792,306,570,779,670,58,725,68,1363,1642,dormant
509,423,714,337,124,561,568,543,794,392,4508,3888,dormant
472,18,50,313,353,757,77,160,210,84,1755,840,at-risk
98,17,782,74,272,112,193,283,364,266,519,2654,at-risk
152,768,323,278,618,169,284,105,75,68,5463,4118,at-risk
337,589,788,175,244,467,526,104,659,610,7233,565,dormant
705,370,140,661,449,677,523,438,320,346,1102,964,dormant
162,174,469,272,246,13,612,227,724,961,597,2282,at-risk
719,193,786,619,519,714,155,699,432,727,3273,995,dormant
680,501,333,650,140,287,339,581,108,926,5781,1187,dormant
160,112,372,782,361,188,124,317,640,672,6256,4921,at-risk
579,113,563,288,7,154,279,463,521,422,7258,4311,at-risk
397,221,493,723,477,566,621,598,46,605,8780,3254,dormant
276,677,538,271,351,693,657,471,378,173,6554,656,dormant
503,643,668,65,494,721,727,55,95,676,9599,2982,dormant
391,263,750,482,605,470,673,624,102,114,8002,1113,dormant
134,54,155,247,426,74,127,12,145,219,4846,4406,active
194,642,290,155,38,276,313,439,26,955,9821,556,at-risk
400,799,647,46,592,644,331,17,731,30,9186,3019,dormant
639,777,143,453,186,342,149,693,529,522,4798,2304,dormant
32,457,105,200,595,424,453,112,678,342,6605,2580,at-risk
687,161,419,659,599,570,35,228,81,376,2986,51,dormant
459,379,669,123,753,510,684,170,427,129,400,1361,dormant
469,86,657,0,92,181,419,294,583,999,2855,1194,at-risk
374,54,1,758,85,457,21,188,478,616,3412,4019,at-risk
21,475,588,639,43,63,205,425,765,538,56,3138,at-risk
749,799,643,190,136,259,638,78,161,738,8022,1648,dormant
669,177,89,578,420,192,355,657,401,1,1875,671,dormant
37,390,344,515,73,654,439,181,507,870,4543,777,at-risk
229,348,349,441,547,615,728,498,37,100,4298,4927,dormant
364,7,458,142,612,405,95,797,510,532,3768,2279,dormant
562,312,262,190,511,725,163,761,392,57,5752,3022,dormant
437,758,350,532,155,753,147,707,712,388,4833,1860,dormant
775,442,107,226,254,720,529,70,493,691,1353,3139,dormant
282,766,585,312,170,92,293,247,199,940,4987,1074,at-risk
26,327,38,628,727,429,194,145,254,340,6597,1716,at-risk
225,53,158,301,169,653,662,617,178,860,4311,1283,at-risk
276,760,582,653,763,433,479,774,546,19,2934,4686,dormant
797,238,311,459,321,403,122,295,593,254,22,1986,dormant
608,228,240,400,566,433,399,581,388,316,1209,2633,dormant
283,578,444,550,455,111,698,469,397,37,8940,1001,dormant
480,50,297,392,602,374,451,505,731,659,804,1046,dormant
452,608,35,763,789,58,660,192,157,536,8325,2176,dormant
658,603,83,206,612,42,103,67,3,385,4416,2338,at-risk
515,263,451,209,154,206,754,493,166,632,8625,1855,at-risk
546,417,774,114,348,779,461,51,467,927,5141,500,dormant
191,95,384,736,450,295,742,362,408,25,4968,2233,dormant
48,87,171,645,652,117,717,796,411,453,3671,4574,dormant
511,77,375,250,172,531,709,473,203,680,7292,2539,dormant
16,287,684,218,9,221,395,520,193,322,7001,4608,at-risk
171,119,361,406,739,165,336,762,234,736,2098,3714,dormant
219,490,558,442,264,642,598,430,717,512,8444,2332,dormant
157,451,140,602,437,155,141,297,149,818,5061,600,at-risk
476,499,117,353,759,183,316,434,158,772,9321,4284,dormant
45,164,276,557,246,89,710,695,278,12,3264,988,at-risk
372,181,725,549,666,93,557,690,403,914,5435,1881,dormant
517,468,219,141,545,12,799,197,677,907,8493,4483,dormant
98,734,25,611,498,741,526,127,310,559,6691,1754,dormant
744,6,520,500,128,437,555,531,67,920,2763,2464,dormant
36,329,782,701,671,537,400,410,462,824,4005,2223,dormant
279,774,9,546,600,586,680,64,87,370,3241,4482,dormant
348,672,377,658,604,149,309,693,216,290,3057,1494,dormant
496,150,632,541,326,659,494,240,0,331,550,852,dormant
301,84,636,506,752,7,555,368,134,605,5574,451,dormant
180,146,681,595,403,28,609,535,696,260,5411,2324,dormant
606,623,583,280,628,295,772,383,350,993,1587,1758,dormant
98,380,151,423,605,720,108,430,139,789,5920,4308,at-risk
699,547,719,269,674,639,794,82,617,870,5260,3353,dormant
115,284,48,153,610,339,371,696,132,204,4409,4136,at-risk
190,699,153,613,624,627,615,610,619,696,5783,4695,dormant
252,81,292,726,358,438,767,573,177,686,712,3338,dormant
160,513,579,661,602,143,205,285,357,949,5406,2588,dormant
255,708,49,82,717,746,42,533,379,386,7990,1782,dormant
322,522,663,621,16,518,244,458,657,891,7420,3520,dormant
127,745,530,425,273,44,286,211,449,820,6843,1779,at-risk
17,385,611,274,684,238,354,125,585,467,2433,3132,at-risk
792,706,59,712,115,154,784,412,462,414,3301,3573,dormant
734,470,166,283,692,180,475,498,107,68,270,3218,dormant
565,118,201,172,90,214,82,424,121,471,9986,3757,at-risk
569,395,145,326,81,87,109,553,16,103,1079,4016,at-risk
322,531,675,717,323,255,189,609,195,757,5322,2837,dormant
685,260,438,62,113,510,799,542,326,160,8795,2381,dormant
791,255,241,72,768,72,250,157,317,199,5257,4239,at-risk
625,733,580,762,57,178,723,111,478,215,7982,3936,dormant
287,225,686,635,153,211,290,401,251,945,9777,4428,at-risk
662,52,560,374,403,233,644,758,502,211,6214,1419,dormant
638,499,482,632,627,464,200,121,118,507,5006,4150,dormant
154,505,107,507,265,750,796,272,673,15,3985,1330,dormant
489,363,225,786,314,222,325,293,709,497,9587,2917,dormant
385,279,672,397,714,630,510,397,497,883,8791,1446,dormant
784,592,630,119,40,263,408,470,485,331,8705,1440,dormant
103,713,660,436,104,206,606,206,44,716,5991,3744,at-risk
392,157,661,675,192,606,789,109,313,876,6227,2844,dormant
245,631,431,464,400,733,507,439,178,550,9258,4175,dormant
175,58,654,285,277,365,730,277,417,600,7833,864,at-risk
38,726,418,264,353,275,600,567,555,941,2886,471,dormant
476,127,454,319,748,379,71,568,782,255,2653,1502,dormant
681,735,159,672,732,742,246,481,77,991,9280,4684,dormant
758,720,522,375,579,308,640,113,325,765,4864,1410,dormant
537,114,649,88,708,630,723,476,689,727,2514,3770,dormant
407,208,589,653,255,267,607,709,356,879,3969,1905,dormant
524,525,76,202,650,784,586,320,415,814,3284,4659,dormant
505,520,508,738,660,63,565,178,514,171,7740,4001,dormant
35,551,440,333,98,349,343,218,213,648,4566,3504,at-risk
684,236,253,221,587,493,53,788,73,999,2196,3483,dormant
19,280,769,40,281,522,729,527,562,497,789,4562,dormant
320,358,319,707,402,97,527,491,578,470,3475,598,dormant
775,200,262,67,108,70,610,60,508,383,9856,991,at-risk
511,757,596,775,699,363,531,53,331,689,1309,1932,dormant
399,277,657,513,198,569,557,679,92,588,864,2784,dormant
653,234,553,636,302,762,192,537,687,699,5389,3041,dormant
470,493,373,621,326,275,57,64,656,506,3363,66,dormant
142,3,636,597,153,49,436,611,518,991,8215,3398,at-risk
91,665,166,631,551,357,110,585,268,526,3003,2750,dormant
353,441,752,126,644,727,128,703,375,803,8502,469,dormant
799,28,458,254,404,563,705,170,3,830,1231,1724,dormant
726,108,279,694,461,782,325,272,137,324,7959,3985,dormant
50,609,699,15,131,484,7,698,230,213,2711,1631,at-risk
664,726,301,476,790,83,28,534,599,207,6581,774,dormant
697,74,530,61,83,637,111,390,528,168,7705,3012,at-risk
574,145,579,431,398,583,672,692,51,329,421,2503,dormant
189,127,217,669,753,295,130,326,645,279,9965,1486,dormant
124,41,101,267,627,235,187,107,722,977,946,4019,at-risk
149,355,553,34,108,55,674,161,324,304,9378,4227,at-risk
313,40,287,778,220,359,708,451,730,145,1834,929,dormant
569,33,166,575,552,109,474,205,716,774,1564,3012,dormant
341,16,620,493,367,191,363,589,722,515,7332,1505,dormant
304,676,35,561,146,92,203,15,276,89,4944,4729,at-risk
691,152,743,468,111,567,211,326,535,452,1308,2944,dormant
681,377,740,766,614,59,620,607,485,59,2986,2819,dormant
782,587,352,660,557,649,275,658,515,310,386,1184,dormant
53,598,675,324,493,38,72,1,151,527,6131,288,at-risk
443,628,72,303,504,539,678,9,482,226,9353,1811,dormant
612,341,647,275,474,48,771,433,258,473,3258,527,dormant
263,26,352,683,270,419,242,124,323,977,6121,916,at-risk
52,286,69,200,420,636,786,80,167,540,4811,1708,at-risk
571,645,424,444,706,12,101,484,687,662,6574,3574,dormant
619,730,707,323,366,35,684,651,309,756,6697,3319,dormant
4,167,780,34,279,100,170,149,478,781,3933,1406,at-risk
102,609,560,481,282,793,652,799,55,78,1439,1241,dormant
195,267,641,727,39,85,187,339,619,432,6169,3133,at-risk
773,748,516,479,188,515,440,128,472,800,4480,798,dormant
349,454,427,64,163,222,85,437,295,152,55,1523,at-risk
46,684,538,7,535,337,475,750,460,788,3324,4107,dormant
655,400,159,300,535,165,51,500,323,400,6777,4928,at-risk
268,475,148,342,3,382,110,57,140,278,105,2888,at-risk
369,701,775,430,289,375,42,197,666,56,3201,2690,dormant
635,633,229,423,432,470,210,210,261,976,669,4091,dormant
105,557,711,331,470,789,199,44,784,185,8934,1241,dormant
669,575,561,437,180,641,751,96,419,397,966,690,dormant
658,129,66,587,247,30,626,278,743,604,307,527,dormant
656,362,380,173,627,374,25,534,240,787,2138,1495,dormant
119,704,57,558,278,10,298,409,354,157,109,3825,at-risk
786,692,258,526,580,301,76,460,769,786,3632,2893,dormant
603,291,341,658,253,95,136,390,760,692,6728,892,dormant
57,370,129,25,180,189,19,43,588,358,5684,386,active
345,793,726,604,680,452,439,26,179,439,6499,1249,dormant
740,28,171,405,508,191,210,793,65,588,1915,2528,at-risk
473,148,769,231,760,485,751,96,347,465,556,4503,dormant
116,778,613,532,699,265,550,547,170,662,7619,3528,dormant
790,295,208,549,565,423,434,620,473,445,104,897,dormant
126,10,353,787,325,127,779,566,533,749,2047,710,dormant
392,511,470,504,356,237,206,703,366,800,145,3695,dormant
640,675,797,668,649,354,438,218,106,742,873,2686,dormant
57,112,115,178,679,111,778,184,438,487,298,4512,at-risk
633,186,263,131,390,445,665,68,226,529,3238,415,at-risk
512,743,661,454,614,342,41,129,443,72,8837,1471,dormant
750,226,441,347,84,144,410,566,441,928,6382,4180,dormant
95,309,547,539,316,64,522,608,395,927,2511,4262,dormant
637,97,452,771,211,246,609,598,727,700,6596,2431,dormant
117,54,476,405,514,734,426,630,580,949,783,2515,dormant
559,622,286,75,383,489,274,719,83,16,4992,1095,dormant
600,663,302,578,690,438,447,333,614,530,370,809,dormant
487,757,310,491,341,105,741,153,550,730,486,3044,dormant
236,405,207,193,37,180,368,546,12,325,7378,992,at-risk
271,68,617,161,510,183,219,78,692,994,3196,1281,at-risk
188,311,445,346,419,225,576,578,492,631,9552,4370,dormant
703,288,669,360,750,776,231,412,267,612,4287,1773,dormant
446,761,632,768,168,789,327,545,524,545,2261,3561,dormant
580,547,54,583,342,88,442,608,119,595,9148,3816,dormant
789,750,11,86,305,687,51,168,352,920,8572,1756,at-risk
246,147,656,261,541,529,375,680,56,707,238,2373,dormant
75,466,399,213,701,370,262,662,39,841,6843,2576,at-risk
153,738,647,664,536,398,266,582,335,201,1105,891,dormant
655,243,514,721,111,105,358,514,639,343,1386,4184,dormant
434,490,655,572,410,270,316,313,172,852,9719,707,dormant
85,506,541,779,205,502,323,31,546,522,1667,2397,dormant
696,364,236,261,184,678,665,286,258,858,2691,4482,dormant
284,481,278,729,381,524,651,593,516,399,7756,2134,dormant
219,200,347,282,495,31,562,42,729,217,1996,2354,at-risk
68,153,626,647,378,392,628,616,522,444,1425,4535,dormant
46,449,103,466,46,39,420,0,116,764,8023,976,active
93,500,629,379,739,659,45,572,183,221,6849,734,dormant
749,72,516,361,550,217,599,269,115,382,3247,2468,dormant
452,712,247,448,527,730,719,179,161,880,2592,2540,dormant
203,295,363,440,503,81,268,735,578,591,1490,632,dormant
217,16,320,92,21,719,600,517,711,6,1224,4268,at-risk
473,640,632,620,212,200,380,102,542,271,2587,4099,dormant
431,216,285,752,309,446,117,9,586,738,7714,2901,at-risk
340,60,148,423,660,427,565,582,236,15,3064,1663,dormant
550,615,83,141,752,37,115,89,65,423,7804,2015,at-risk
611,41,405,290,271,210,629,225,69,523,832,3181,at-risk
288,24,455,431,570,443,259,669,446,802,2440,4063,dormant
253,38,742,748,798,326,74,739,415,752,4795,2630,dormant
733,130,799,688,201,760,479,125,531,20,1646,3872,dormant
356,497,160,652,31,226,304,208,440,689,440,1054,at-risk
22,228,783,700,442,47,6,96,737,938,5956,380,at-risk
761,107,459,48,161,17,365,73,463,227,9721,3082,at-risk
521,171,549,301,766,438,633,626,395,784,2367,2391,dormant
757,434,499,189,253,707,522,190,710,287,6696,1592,dormant
99,477,737,135,520,186,347,681,550,808,5190,4261,dormant
179,101,508,554,650,344,437,715,656,133,4663,2747,dormant
222,523,653,403,479,223,214,55,556,983,7062,2389,dormant
761,274,480,601,9,487,428,719,394,282,4331,3553,dormant
658,612,662,340,725,228,790,552,325,403,9496,3027,dormant
441,43,113,756,504,389,497,31,90,664,3034,1207,at-risk
607,16,748,703,784,588,539,526,749,65,9377,3853,dormant
768,329,577,317,559,187,746,573,69,648,3262,544,dormant
324,568,360,617,435,269,366,666,165,603,2107,3081,dormant
515,496,340,362,110,606,312,283,641,436,7036,3663,dormant
15,11,769,381,152,309,537,720,213,828,4320,2239,at-risk
791,317,760,232,634,131,53,493,600,933,5938,2367,dormant
335,591,448,776,101,550,540,186,334,258,2747,3773,dormant
758,215,179,343,752,71,466,497,763,979,4677,2627,dormant
257,338,701,548,190,792,163,441,368,965,7972,3931,dormant
496,775,406,552,728,671,781,129,583,102,4264,2474,dormant
159,660,665,528,562,186,333,638,676,992,3133,3130,dormant
474,80,195,788,80,485,546,291,48,566,1465,3507,at-risk
663,726,465,570,488,190,797,113,51,768,4109,96,dormant
689,484,310,182,87,421,347,198,288,100,2211,3858,at-risk
674,373,261,40,193,119,272,12,789,197,5539,2708,at-risk
379,709,418,550,103,219,719,270,625,812,9735,3336,dormant
544,199,405,396,782,52,749,600,238,225,1689,456,dormant
690,536,142,703,95,733,413,214,132,942,9763,4368,dormant
426,465,341,778,422,450,499,443,785,462,7727,2987,dormant
612,88,315,493,197,411,92,789,165,236,7764,4088,at-risk
267,267,100,658,0,642,684,511,373,25,4541,3884,dormant
576,654,243,332,406,236,78,446,372,120,3541,1031,dormant
416,570,489,126,377,757,621,714,477,909,818,207,dormant
167,488,11,557,166,737,216,73,754,505,4521,1937,at-risk
42,537,238,556,508,719,357,536,478,181,1124,1146,dormant
555,46,560,0,637,405,617,100,649,710,5660,4299,dormant
284,287,41,167,312,607,506,175,590,813,5641,2564,at-risk
396,777,677,619,592,421,558,426,681,766,1129,442,dormant
11,15,593,18,417,711,180,116,634,633,1702,4784,at-risk
606,710,428,331,762,246,575,165,687,542,2001,832,dormant
301,400,157,583,680,71,245,40,299,983,6912,1461,at-risk
252,793,215,455,476,184,243,428,81,314,3878,3516,at-risk
498,85,669,108,72,5,505,343,86,990,7232,1159,at-risk
753,249,461,267,140,205,421,423,224,796,9998,386,at-risk
34,390,133,444,581,543,319,365,15,617,6331,2041,at-risk
726,781,66,239,261,610,86,119,357,735,6035,2553,at-risk
89,334,6,300,339,386,216,608,162,272,6523,1718,at-risk
775,628,525,601,307,767,489,656,609,909,8111,4775,dormant
604,518,72,102,244,698,518,727,667,231,8736,4050,dormant
601,136,398,249,514,75,277,228,513,419,2401,3409,at-risk
417,687,404,452,336,176,721,129,349,767,9481,689,dormant
114,497,674,519,574,798,168,351,680,441,8974,1169,dormant
616,726,577,152,560,348,329,317,463,495,539,4988,dormant
195,476,129,173,75,254,649,648,374,23,5615,952,at-risk
500,593,465,342,174,701,440,336,91,108,2956,4879,dormant
625,222,205,669,108,307,390,272,180,702,8077,4590,at-risk
492,371,787,430,182,344,495,116,742,501,3722,3496,dormant
74,401,767,726,191,126,380,367,300,858,5087,3917,dormant
412,442,265,688,64,286,305,93,659,24,6460,4842,at-risk
375,489,536,686,473,765,741,167,791,186,2170,2484,dormant
419,614,792,657,782,724,672,714,188,287,3391,1854,dormant
728,272,252,323,99,761,512,340,313,627,6942,3439,dormant
276,525,288,672,543,595,747,660,492,337,1616,3231,dormant
760,158,163,638,127,486,187,694,127,877,9108,2597,dormant
675,151,94,419,451,382,515,151,518,913,6458,3983,dormant
393,619,781,593,368,405,643,585,425,36,2756,2191,dormant
456,187,109,484,42,387,426,273,558,793,6853,2635,at-risk
191,97,335,658,418,524,501,553,564,136,7709,656,dormant
738,130,237,750,487,556,729,495,186,507,1936,3812,dormant
688,170,380,411,77,638,259,723,549,226,3091,3340,dormant
98,182,435,83,269,625,512,100,452,319,968,3911,at-risk
547,363,482,112,673,275,70,556,470,839,7297,1796,dormant
95,38,24,736,700,499,477,81,737,915,3203,4363,dormant
663,526,652,331,758,716,177,528,564,181,6499,1762,dormant
662,496,116,377,727,336,456,72,223,873,5173,4472,dormant
189,515,481,754,314,480,188,13,153,85,889,3285,at-risk
735,348,391,654,167,272,290,432,559,466,8984,1585,dormant
36,396,536,40,338,57,519,156,350,925,9173,3563,at-risk
779,721,78,769,192,327,764,734,146,52,7382,2440,dormant
368,160,579,796,452,730,291,131,575,859,3531,4584,dormant
694,15,172,104,282,108,755,337,348,866,801,4817,at-risk
524,492,11,201,335,278,634,403,181,234,8234,3100,at-risk
278,425,799,449,389,685,282,375,636,958,3349,3244,dormant
216,107,127,265,524,327,543,558,178,778,8005,1040,at-risk
797,449,607,209,239,775,376,106,38,798,9969,3127,dormant
272,310,91,562,482,314,657,619,771,432,3201,2273,dormant
61,738,652,117,658,473,155,264,2,495,349,3629,at-risk
595,169,542,712,715,110,507,204,63,998,9759,2114,dormant
728,545,531,376,591,698,412,78,28,99,9321,1677,dormant
341,413,657,550,554,780,527,154,371,989,9972,3094,dormant
396,250,446,539,457,228,354,782,522,598,583,998,dormant
698,758,389,770,88,496,558,246,96,402,3377,2284,dormant
18,780,671,83,659,155,762,530,441,395,6028,1589,dormant
176,140,42,453,94,472,186,537,202,526,7694,1161,at-risk
611,273,253,666,451,700,30,728,410,414,6196,2520,dormant
395,415,129,628,427,271,259,153,20,938,7083,3855,at-risk
444,607,59,513,150,1,420,153,550,612,3401,4648,at-risk
232,738,662,604,513,757,528,685,734,676,3185,694,dormant
75,38,466,677,375,721,550,91,101,462,5285,4412,at-risk
264,28,286,386,21,510,303,432,45,540,9354,4863,at-risk
454,476,516,349,312,285,38,337,65,625,6772,3798,at-risk
795,317,466,295,518,12,488,479,602,618,8490,3683,dormant
717,244,777,257,205,607,643,692,163,921,3347,1971,dormant
734,747,344,80,374,497,541,130,110,363,788,1503,dormant
383,696,641,267,450,732,669,449,337,129,4945,3249,dormant
563,271,381,418,625,237,277,786,122,83,2889,4218,dormant
505,439,778,234,783,93,202,272,704,270,9569,3242,dormant
366,747,689,310,594,337,65,587,446,243,5273,1868,dormant
143,238,252,356,178,780,107,176,610,387,3272,1671,at-risk
68,376,55,212,209,170,267,695,290,213,9069,1082,at-risk
98,265,462,573,499,605,221,642,670,817,5234,1728,dormant
395,358,456,48,463,660,529,48,411,165,9769,3851,dormant
24,339,82,126,123,623,89,566,614,790,6902,2142,at-risk
468,388,98,222,112,566,692,665,280,58,7612,1148,dormant
483,576,148,278,11,466,254,354,42,601,2492,253,at-risk
564,688,328,407,125,627,454,711,485,882,6745,4102,dormant
150,2,155,504,564,142,252,307,595,842,9574,3542,at-risk
143,428,189,293,330,200,256,629,702,923,4240,2775,at-risk
568,141,493,795,282,179,382,774,50,503,2322,4637,dormant
38,375,262,276,139,713,441,45,209,705,5298,3333,at-risk
108,669,79,437,400,363,598,301,125,122,1861,4184,at-risk
692,323,399,106,96,478,89,407,491,647,6620,3279,at-risk
41,145,763,657,516,564,748,188,508,412,4047,4308,dormant
185,292,608,419,568,470,389,128,580,138,7581,2881,dormant
397,664,259,610,68,383,581,560,776,228,7320,265,dormant
222,431,771,428,117,691,43,536,257,273,1098,2340,dormant
633,704,614,374,58,416,711,265,187,438,5247,3148,dormant
132,584,551,72,32,307,663,117,229,561,1734,3359,at-risk
162,398,784,633,317,648,597,463,188,909,4663,1004,dormant
214,343,100,29,49,693,18,143,414,117,5909,2094,at-risk
732,139,358,187,488,366,100,441,9,713,3416,4717,at-risk
234,186,379,363,18,0,606,199,113,994,6302,3271,at-risk
657,60,220,799,725,43,765,156,75,904,7593,4522,dormant
750,379,419,450,196,738,356,486,675,482,680,209,dormant
587,709,123,194,449,97,541,133,501,394,8163,887,dormant
8,439,421,155,558,719,760,147,84,702,2070,153,dormant
73,318,230,171,678,264,32,335,48,875,6668,3593,at-risk
491,301,689,40,451,799,228,70,494,459,8001,414,dormant
252,343,62,62,288,782,523,232,688,834,9921,3424,at-risk
229,10,484,22,140,139,629,333,386,692,2191,1284,at-risk
518,61,627,359,83,480,154,665,388,934,8859,3148,dormant
173,225,702,74,693,236,422,89,217,77,9804,768,at-risk
652,152,573,559,390,71,245,333,700,951,7586,982,dormant
167,710,767,671,590,666,404,198,345,411,8872,3202,dormant
169,563,482,117,214,189,758,160,229,74,9164,4674,at-risk
392,771,518,611,525,267,540,537,254,294,2846,3526,dormant
794,570,154,379,214,320,160,120,235,792,2463,2787,at-risk
633,583,91,678,402,106,746,300,25,20,6837,2210,dormant
193,659,525,289,127,231,701,723,583,905,4922,1038,dormant
516,574,454,439,476,41,116,574,260,170,4392,3932,dormant
28,309,740,667,759,701,270,435,765,14,3183,541,dormant
164,242,597,6,403,138,769,67,270,210,3167,358,at-risk
421,492,644,195,28,614,691,764,122,559,2997,849,dormant
338,365,509,420,791,682,486,458,655,85,6521,4522,dormant
647,329,182,567,337,272,171,513,256,148,3227,2544,at-risk
495,106,385,192,713,480,273,397,655,699,6564,4581,dormant
364,225,573,558,360,415,258,619,420,371,9920,1831,dormant
341,217,730,147,568,505,134,285,258,479,2024,1472,at-risk
499,752,404,786,391,732,682,560,46,817,329,1436,dormant
656,505,245,668,217,724,721,139,524,150,2486,329,dormant
510,258,741,201,573,423,747,729,207,140,1155,4354,dormant
326,773,590,443,668,406,421,555,310,68,4477,4238,dormant
216,516,660,418,201,567,420,780,746,259,2185,4008,dormant
300,772,649,426,16,389,185,589,148,987,7086,4722,dormant
131,53,470,478,321,341,363,727,437,845,2317,1388,dormant
69,46,422,474,517,613,606,609,154,967,3621,4185,dormant
251,726,64,125,569,492,377,747,677,520,4491,719,dormant
414,688,12,394,324,191,522,281,89,632,2511,3235,at-risk
786,520,212,575,411,498,579,660,697,370,7842,4576,dormant
444,98,241,324,317,711,721,577,357,418,8641,2131,dormant
181,19,492,391,680,232,195,745,173,100,9546,1100,at-risk
166,752,212,687,81,226,97,456,216,660,7848,672,at-risk
90,572,692,627,473,370,604,86,455,953,5404,516,dormant
713,489,337,439,467,138,21,78,775,657,5393,2532,dormant
530,418,172,203,424,148,449,204,608,864,1293,3670,at-risk
38,689,671,485,730,114,171,790,628,967,2465,781,dormant
125,61,163,30,688,449,382,336,198,242,3175,3523,at-risk
450,144,464,387,203,62,133,253,485,752,7849,3558,at-risk
172,215,496,624,582,103,425,303,532,511,9425,2386,dormant
652,2,699,433,386,667,24,379,199,848,9629,4782,dormant
753,159,394,375,777,272,502,129,370,554,8444,1589,dormant
219,738,702,343,97,5,184,595,447,94,8210,4995,dormant
637,780,307,442,344,146,84,275,247,225,2759,1501,at-risk
57,119,767,578,207,183,566,698,787,517,5255,3794,dormant
659,88,182,74,513,27,762,557,263,213,8414,4318,at-risk
475,328,628,556,635,549,143,182,57,717,2,3080,dormant
455,579,793,771,791,118,678,267,301,66,8130,1076,dormant
360,356,509,665,585,292,411,321,30,395,1259,1100,dormant
0,609,707,154,165,370,223,511,497,611,8190,502,at-risk
386,266,545,429,21,243,219,611,248,11,4323,1339,at-risk
347,616,563,362,153,579,178,77,604,236,5773,3885,dormant
189,322,623,447,438,725,630,783,776,833,2568,623,dormant
504,634,763,233,294,217,432,338,270,769,1885,1886,dormant
190,540,593,562,218,176,264,673,605,398,7060,3350,dormant
507,648,743,261,668,298,428,555,665,406,7844,1050,dormant
368,194,226,124,494,675,661,508,393,924,6111,3772,dormant
408,737,744,244,229,57,415,237,796,848,9491,3916,dormant
116,331,732,541,19,268,452,133,501,479,2338,4018,at-risk
133,169,435,484,552,307,726,191,591,646,9268,1329,dormant
57,520,421,121,147,569,196,355,83,221,3758,4114,at-risk
555,462,553,124,107,287,553,277,364,155,4810,3367,at-risk
684,39,20,548,402,104,52,17,548,653,9139,3951,at-risk
671,536,553,169,595,227,479,523,341,427,6791,2497,dormant
172,260,396,123,482,246,442,179,406,157,7171,1573,at-risk
148,394,624,34,366,699,329,122,424,976,2731,2634,at-risk
79,225,104,86,413,493,250,245,743,415,869,2768,at-risk
212,123,191,645,308,82,782,733,92,325,5166,1211,at-risk
202,37,16,707,133,185,122,372,613,370,93,775,at-risk
763,327,119,785,718,251,386,50,411,343,2987,1160,dormant
228,250,392,200,282,354,338,70,431,261,9967,2383,at-risk
675,175,424,368,777,749,777,479,677,282,8627,2654,dormant
226,601,128,796,72,695,347,559,158,849,4947,3540,dormant
658,453,129,76,480,795,28,18,13,855,6651,4697,at-risk
531,36,571,58,351,209,34,773,372,228,6979,4635,at-risk
440,315,559,430,559,608,517,83,224,887,6794,1095,dormant
401,687,28,637,325,446,395,154,504,279,6524,23,dormant
46,795,96,499,744,459,622,564,72,869,3144,4719,dormant
232,592,9,108,442,471,293,618,248,289,3587,3556,at-risk
304,113,241,735,99,719,588,356,510,679,76,1079,dormant
525,39,231,277,58,369,348,646,602,46,9007,4318,at-risk
142,300,788,67,507,491,146,442,215,974,8959,178,at-risk
414,223,283,68,257,136,66,68,601,714,6553,2847,at-risk
512,317,714,164,412,366,519,522,540,213,8297,1960,dormant
372,348,758,488,451,183,121,142,219,757,6694,1473,at-risk
565,114,775,304,64,587,339,191,726,23,2873,4888,dormant
258,697,725,673,594,286,174,386,220,320,3346,4979,dormant
655,322,199,364,153,471,690,377,388,273,7024,1212,dormant
470,567,78,378,265,374,596,580,553,555,3148,809,dormant
11,39,172,342,78,653,450,534,646,843,9657,419,at-risk
329,39,466,553,314,748,556,692,41,312,244,3659,dormant
735,748,580,353,661,536,135,292,675,362,2625,3816,dormant
783,288,415,415,559,510,15,8,282,667,3849,1278,at-risk
357,261,448,108,247,578,332,270,57,999,9597,2523,at-risk
407,215,86,562,789,249,194,386,536,379,9173,1440,dormant
667,146,100,761,609,509,495,92,72,710,7737,1340,dormant
372,335,7,496,413,629,8,528,128,918,8333,2221,at-risk
7,167,199,340,24,72,333,153,598,980,892,2392,at-risk
121,91,504,382,283,281,332,404,425,673,5487,1361,at-risk
347,352,86,532,448,359,326,148,664,906,7251,591,at-risk
675,570,42,299,300,9,14,266,693,469,7310,526,at-risk
89,570,384,138,67,210,613,421,124,745,2399,2503,at-risk
647,680,620,358,6,151,225,617,66,674,4640,1292,dormant
697,780,434,498,136,4,424,471,5,115,2960,1654,dormant
315,362,407,384,163,194,789,546,636,604,7325,4906,dormant
177,556,482,603,82,282,407,630,313,41,1469,187,dormant
539,344,663,279,649,463,112,525,325,795,3374,2758,dormant
731,692,16,636,419,112,427,502,564,378,8847,528,dormant
40,169,644,482,72,270,0,13,577,721,8234,433,at-risk
739,355,147,110,236,162,265,777,505,205,7923,3512,dormant
703,190,276,138,45,459,490,651,81,465,5122,1804,at-risk
501,666,231,434,617,104,207,363,598,731,9852,302,dormant
144,421,365,508,799,692,621,118,1,279,5387,4182,dormant
200,699,227,272,261,555,711,237,203,647,7631,437,dormant
723,6,650,98,175,281,368,545,661,617,7226,2588,dormant
460,132,435,763,165,686,305,168,403,117,5108,832,dormant
731,746,398,103,656,161,11,521,102,236,2224,796,dormant
751,556,210,213,369,350,344,633,535,308,2110,559,dormant
557,760,390,760,794,433,464,656,367,455,957,3588,dormant
546,30,498,663,53,139,699,734,211,899,7146,761,dormant
252,534,539,761,689,470,665,768,576,474,560,3574,dormant
389,425,562,786,418,131,493,779,208,99,9522,3785,dormant
593,393,490,164,755,86,367,515,762,260,7413,2514,dormant
255,671,441,519,506,687,419,396,116,992,1312,684,dormant
708,362,260,283,340,182,790,105,627,304,1821,4233,dormant
449,436,772,516,126,367,170,84,748,353,5646,577,dormant
9,669,349,656,408,128,133,213,477,285,4945,4805,at-risk
797,550,351,612,366,245,426,120,104,327,5374,227,dormant
241,81,519,163,270,600,24,131,494,102,2651,2328,at-risk
250,355,319,658,643,577,529,196,770,62,9933,2731,dormant
4,257,137,63,604,669,189,18,45,686,4701,827,at-risk
118,717,549,90,378,377,140,641,330,281,2877,430,dormant
373,588,622,116,72,148,554,11,215,440,5582,1063,at-risk
64,523,367,266,247,432,795,80,491,292,5390,1709,at-risk
145,294,219,684,784,627,657,329,448,737,4083,1234,dormant
223,223,336,558,42,725,314,773,535,6,745,301,dormant
238,524,222,139,376,468,443,391,510,638,8749,1420,dormant
176,45,647,245,40,445,318,636,457,935,941,4628,at-risk
778,666,767,660,169,480,440,306,546,91,4023,768,dormant
281,112,359,757,211,293,91,266,535,934,2296,1404,at-risk
62,232,328,394,492,764,178,446,539,189,939,443,dormant
216,16,462,486,679,142,55,440,483,870,1610,3104,at-risk
794,359,560,475,38,249,154,651,15,475,6300,4355,dormant
688,222,381,516,368,301,671,1,570,510,1725,3305,dormant
460,699,589,183,756,24,110,519,242,461,9176,1538,dormant
609,447,616,19,150,788,136,761,206,52,9779,3930,dormant
104,364,168,557,110,69,231,650,270,753,9528,1331,at-risk
98,674,216,523,479,624,467,635,760,485,8853,69,dormant
510,325,377,581,435,111,731,308,778,643,7187,3435,dormant
384,466,118,528,46,363,480,739,704,489,32,480,dormant
404,413,189,146,574,302,67,521,729,977,5985,4094,dormant
517,454,766,665,736,470,248,468,114,363,3414,3496,dormant
475,585,369,303,365,90,322,211,579,111,1156,2793,dormant
708,232,777,619,68,529,517,111,298,408,3126,2892,dormant
644,223,148,747,298,660,791,7,482,6,8252,1198,dormant
770,411,675,581,295,738,431,476,396,741,1543,2372,dormant
436,571,651,694,202,725,486,459,393,667,271,1892,dormant
22,334,487,761,60,662,605,252,74,196,5295,1883,at-risk
564,221,769,227,313,191,428,525,481,834,4076,797,dormant
676,36,373,101,160,551,268,751,102,875,5902,17,at-risk
713,277,780,586,330,241,708,437,296,734,2709,43,dormant
457,195,692,416,527,137,536,753,177,366,9346,154,dormant
82,483,159,215,337,344,147,660,214,249,5221,4962,at-risk
144,241,350,406,605,179,117,235,314,915,9937,3448,at-risk
84,323,287,398,303,711,366,305,38,594,8529,4838,at-risk
77,730,287,714,502,502,65,477,258,239,6722,4080,dormant
456,191,225,703,649,202,369,678,715,379,8201,1425,dormant
0,16,522,760,337,572,174,19,6,906,4144,4320,at-risk
50,523,521,498,549,191,587,215,48,871,5606,4312,at-risk
684,400,782,753,638,4,494,134,537,834,6766,3639,dormant
716,704,272,464,274,236,113,128,160,470,730,4126,at-risk
771,21,401,690,163,692,110,409,175,774,4890,1892,dormant
445,473,182,730,442,310,760,421,590,918,1648,897,dormant
448,119,664,81,318,548,438,293,1,700,4228,3424,at-risk
487,209,487,603,588,55,714,245,454,454,2130,4540,dormant
799,305,123,686,503,442,146,700,643,365,4366,1258,dormant
33,269,625,750,685,236,34,555,275,289,1506,2015,dormant
347,703,789,771,386,196,308,85,497,873,2158,4833,dormant
94,686,413,364,602,584,537,555,628,402,2916,1702,dormant
71,284,724,162,749,570,749,374,675,57,3229,873,dormant
550,715,171,47,775,751,13,445,799,520,9858,565,dormant
153,675,287,510,690,513,373,377,27,303,6265,2018,dormant
249,762,434,328,493,448,556,389,332,114,4136,1885,dormant
673,226,685,115,489,359,427,656,0,209,2689,2123,dormant
437,380,112,336,720,699,727,50,187,40,7190,4642,dormant
117,459,121,736,72,29,232,241,55,815,2810,2314,at-risk
770,6,543,146,508,778,704,293,546,172,6152,4412,dormant
305,28,221,574,389,107,562,562,111,233,12,3883,at-risk
267,32,630,322,618,601,725,265,797,792,5938,3192,dormant
53,645,38,442,294,716,662,119,309,883,7999,1859,at-risk
235,78,496,12,368,444,439,711,35,589,7219,24,at-risk
388,458,779,493,795,437,501,247,438,619,5328,3503,dormant
733,569,232,700,693,731,274,69,728,792,3621,4255,dormant
762,537,529,286,548,605,75,56,591,402,3683,1137,dormant
400,481,148,719,648,456,438,381,594,38,7872,4995,dormant
623,429,396,113,567,614,731,38,576,118,5310,1189,dormant
766,737,660,479,186,734,698,442,324,334,652,4798,dormant
302,284,637,21,769,697,288,17,639,335,5799,4096,dormant
206,515,301,348,444,695,539,731,306,538,8812,3157,dormant
228,98,359,725,569,494,691,755,533,615,3790,2367,dormant
577,396,237,682,362,673,252,351,727,73,1645,4477,dormant
74,488,646,565,122,246,125,297,618,190,4512,1741,at-risk
434,38,662,319,187,542,176,282,108,323,4759,3688,at-risk
102,270,235,125,741,563,36,585,371,146,5874,3746,at-risk
421,796,735,276,679,587,409,109,356,766,3688,897,dormant
703,156,202,203,419,438,610,179,180,283,7689,4023,at-risk
763,74,255,193,625,277,609,543,355,212,1379,716,dormant
737,799,597,680,251,551,126,745,675,634,4243,3967,dormant
305,129,661,663,618,612,482,793,67,717,9580,4021,dormant
97,686,234,546,548,110,167,24,291,928,6507,3215,at-risk
797,83,344,695,334,384,591,790,691,751,7819,390,dormant
334,21,533,285,91,760,293,737,180,393,8593,3884,at-risk
434,458,796,56,529,190,637,56,465,338,2653,1699,dormant
446,538,780,733,62,489,342,179,433,797,5611,3037,dormant
307,706,465,302,661,693,309,231,463,21,6127,232,dormant
248,381,769,162,511,425,661,342,680,770,3923,1926,dormant
165,747,540,18,138,404,527,476,533,868,8459,3131,dormant
480,439,212,369,697,334,539,798,65,104,5912,3306,dormant
334,603,462,263,184,208,418,575,20,465,5130,2724,at-risk
541,20,435,793,204,21,443,454,611,458,5439,4801,dormant
758,302,282,112,771,677,684,231,383,431,7880,233,dormant
105,83,561,487,213,610,557,288,614,769,6449,1391,dormant
562,773,606,326,255,207,235,212,558,715,1725,2892,dormant
80,658,462,541,134,7,438,257,38,821,9304,1255,at-risk
132,452,406,646,572,701,213,529,284,773,7522,2538,dormant
796,386,87,578,87,686,84,686,601,618,4784,3690,dormant
137,506,43,64,206,784,793,228,596,762,9472,889,dormant
183,256,460,291,128,528,743,225,784,935,1232,4687,dormant
400,569,277,24,2,601,84,595,335,220,8808,745,at-risk
329,526,682,548,753,652,488,434,187,378,8338,1719,dormant
784,161,420,0,120,656,64,757,670,221,7446,427,dormant
507,162,700,548,384,165,645,401,242,257,4616,731,dormant
68,792,352,140,613,495,662,621,72,712,4725,799,dormant
545,791,695,743,37,589,626,765,478,366,3677,4297,dormant
773,523,514,647,340,428,63,87,560,769,6287,835,dormant
52,785,702,187,644,773,342,583,100,348,8480,134,dormant
449,270,629,127,713,162,351,541,513,224,1409,2538,dormant
204,491,18,200,20,365,157,683,755,713,8205,3718,at-risk
125,207,22,126,241,525,588,308,175,737,256,40,at-risk
746,538,412,256,454,238,490,342,237,235,1721,3367,dormant
42,583,29,675,620,71,657,435,58,182,1423,2415,at-risk
751,59,107,546,302,444,462,176,98,711,4953,2040,at-risk
110,429,366,193,595,654,224,138,494,868,2990,4339,at-risk
760,656,280,702,594,508,312,193,513,757,1195,2949,dormant
662,604,127,103,68,794,614,185,754,443,4559,4261,dormant
182,308,228,534,128,268,465,217,296,864,4365,3466,at-risk
94,519,110,264,195,752,87,163,210,622,1244,3088,at-risk
373,590,135,383,139,414,302,160,122,5,6766,4823,at-risk
519,26,361,259,443,244,679,524,228,235,5302,1115,at-risk
359,685,185,413,282,674,434,600,593,126,1306,4578,dormant
695,561,655,357,311,59,681,41,655,103,2402,2590,dormant
280,198,583,74,745,5,134,209,387,748,496,3573,at-risk
194,386,128,354,534,708,49,740,139,914,3399,2978,at-risk
194,348,260,583,664,569,431,274,540,479,909,2447,dormant
666,692,514,770,276,406,339,278,390,154,372,1230,dormant
92,535,448,187,60,216,346,250,269,256,6236,2666,at-risk
671,377,103,684,318,25,645,309,758,234,1344,4975,dormant
60,557,482,289,51,4,346,719,11,499,8515,4925,at-risk
633,526,223,44,152,531,648,139,388,288,2431,4854,at-risk
50,152,490,572,748,389,244,791,336,509,4670,4258,dormant
402,733,472,82,310,709,108,545,505,551,2784,2594,dormant
788,205,9,122,543,570,798,529,105,799,9407,3430,dormant
4,454,404,357,566,447,532,56,31,708,1695,2917,at-risk
465,272,301,527,388,753,89,111,73,784,1907,2952,at-risk
603,235,230,65,547,145,295,4,170,893,4814,1995,at-risk
681,739,730,656,621,387,111,409,68,775,780,3891,dormant
533,520,65,374,176,784,588,413,361,568,1019,306,dormant
404,677,111,161,361,248,176,181,648,297,1403,1362,at-risk
512,725,12,745,313,525,342,12,432,609,1426,2102,dormant
644,500,392,379,96,461,659,338,99,136,8855,3030,dormant
232,116,499,655,212,12,100,796,657,375,5868,332,at-risk
523,385,597,357,136,383,757,258,8,86,10,2752,dormant
345,343,233,187,5,555,628,89,573,418,6330,242,at-risk
45,583,601,321,108,398,603,615,696,753,9230,1884,dormant
545,394,313,449,546,18,400,697,28,198,2825,1432,dormant
77,63,565,473,38,574,27,249,113,462,7464,2550,at-risk
729,716,11,12,661,490,536,254,461,436,3003,302,dormant
72,720,208,183,424,750,57,587,142,309,9267,4330,at-risk
793,71,13,110,629,418,497,107,389,595,7195,3109,at-risk
248,788,632,507,260,336,296,667,631,753,6720,2186,dormant
46,273,417,289,425,418,133,593,681,280,3088,4290,at-risk
120,319,436,294,86,611,330,588,156,322,1789,1550,at-risk
213,337,376,450,464,674,248,484,334,763,3036,1792,dormant
238,365,19,214,75,121,549,257,259,701,7377,646,at-risk
55,494,586,631,470,431,74,638,81,950,7598,4656,dormant
349,606,754,566,413,43,653,281,753,941,4838,712,dormant
106,165,734,26,725,316,167,87,440,151,5872,4508,at-risk
47,543,69,629,456,380,770,203,171,993,3653,537,at-risk
572,10,210,732,284,144,502,15,230,301,4299,234,at-risk
336,300,100,230,238,326,354,150,719,277,9268,2396,at-risk
25,728,697,564,676,362,224,253,74,650,973,1504,dormant
256,101,131,320,598,49,663,187,269,687,7083,1374,at-risk
7,424,622,232,652,64,530,328,625,7,5494,4511,dormant
624,391,380,669,671,354,145,543,61,806,9491,1909,dormant
252,778,131,436,557,799,240,782,319,234,3406,915,dormant
691,213,19,780,371,163,343,396,101,674,5150,3958,at-risk
718,690,535,532,494,140,748,516,428,560,9350,80,dormant
302,87,226,402,623,127,34,458,721,301,3129,2083,at-risk
638,552,153,52,44,397,701,329,254,37,104,2688,at-risk
55,400,741,786,400,462,0,168,531,135,7433,1690,dormant
725,587,468,312,246,750,152,692,569,821,7689,756,dormant
525,45,404,280,615,186,428,365,111,420,3567,2670,at-risk
473,671,201,725,596,719,507,177,312,218,4348,3751,dormant
27,462,37,30,449,731,125,654,460,347,4390,3552,at-risk
77,591,771,336,484,189,490,361,707,807,6811,467,dormant
215,309,187,182,645,387,481,759,461,545,1181,1494,dormant
385,85,56,22,619,428,344,638,91,863,4644,1019,at-risk
364,91,19,543,17,283,737,774,51,78,5873,901,at-risk
665,659,272,445,605,236,220,39,519,747,4394,672,dormant
525,672,118,73,661,193,722,415,97,894,3534,438,dormant
698,713,582,9,757,286,24,354,235,272,5844,4222,dormant
311,241,515,483,288,770,527,254,373,160,5939,2076,dormant
6,1,220,455,413,757,181,142,580,686,6475,444,at-risk
2,224,525,565,720,135,498,751,556,877,1774,965,dormant
622,744,514,563,637,791,640,739,648,307,8283,3790,dormant
749,588,727,659,234,782,41,709,233,373,446,463,dormant
362,115,740,159,415,170,480,576,31,975,108,2198,at-risk
750,665,335,13,498,158,747,10,288,732,3239,2287,dormant
507,102,697,177,633,200,438,619,637,8,5931,3765,dormant
273,193,54,411,649,486,401,25,578,800,4053,3176,at-risk
505,165,499,52,114,556,545,420,541,443,4537,4008,dormant
738,89,765,407,673,775,344,662,113,112,6361,3504,dormant
14,685,535,21,712,582,44,220,203,988,1245,912,at-risk
191,121,161,29,233,503,645,495,28,204,2720,496,at-risk
630,142,669,702,539,370,20,236,642,404,8469,1463,dormant
484,105,593,259,10,102,633,236,473,697,7741,4253,at-risk
27,427,158,204,205,124,69,218,696,852,5105,4267,at-risk
713,304,187,58,678,312,47,486,252,196,2922,493,at-risk
38,316,59,470,246,797,490,460,797,777,2513,1426,dormant
272,634,318,775,558,457,550,662,385,773,9030,1692,dormant
230,8,210,465,757,229,286,634,61,759,2801,1793,at-risk
85,773,405,11,126,657,9,143,514,114,6981,2723,at-risk
